{
  "oil": {
    "sample": "B14",
    "lasso_poly": [
      [
        -6287.3674999999985,
        12669.156964285714
      ],
      [
        -12403.214642857141,
        4627.950535714286
      ]
    ],
    "rotation_deg": 37.0,
    "flip_x": false
  },
  "cort": {
    "sample": "B03",
    "lasso_poly": [
      [
        -8686.838214285715,
        13980.87357142857
      ],
      [
        -7922.92142857143,
        4530.9400000000005
      ]
    ],
    "rotation_deg": -3.5,
    "flip_x": false
  },
  "alignment": {
    "x_gap_um": 670.0
  },
  "line_split": {
    "oil": {
      "pt1": [
        -6287.3674999999985,
        12669.156964285714
      ],
      "pt2": [
        -12403.214642857141,
        4627.950535714286
      ],
      "side": -1
    },
    "cort": {
      "pt1": [
        -8686.838214285715,
        13980.87357142857
      ],
      "pt2": [
        -7922.92142857143,
        4530.9400000000005
      ],
      "side": 1
    }
  }
}