{
  "oil": {
    "sample": "B14",
    "lasso_poly": [
      [
        -5812.52767857143,
        13292.06732142857
      ],
      [
        -12353.08642857143,
        4741.206964285715
      ]
    ],
    "rotation_deg": 38.0,
    "flip_x": false,
    "scale": 1.0
  },
  "cort": {
    "sample": "B03",
    "lasso_poly": [
      [
        -8623.00857142857,
        14094.046428571428
      ],
      [
        -8000.557857142856,
        4757.285714285714
      ]
    ],
    "rotation_deg": -3.0,
    "flip_x": false,
    "scale": 1.0
  },
  "alignment": {
    "x_gap_um": 474.7999999999993,
    "y_offset_um": -2.0
  },
  "line_split": {
    "oil": {
      "pt1": [
        -5812.52767857143,
        13292.06732142857
      ],
      "pt2": [
        -12353.08642857143,
        4741.206964285715
      ],
      "side": -1
    },
    "cort": {
      "pt1": [
        -8623.00857142857,
        14094.046428571428
      ],
      "pt2": [
        -8000.557857142856,
        4757.285714285714
      ],
      "side": 1
    }
  }
}