{
  "oil": {
    "sample": "B14",
    "lasso_poly": [
      [
        -5985.9073214285745,
        13009.661249999997
      ],
      [
        -11336.328571428572,
        6187.166428571427
      ]
    ],
    "rotation_deg": 38.5,
    "flip_x": false,
    "scale": 1.0
  },
  "cort": {
    "sample": "B03",
    "lasso_poly": [
      [
        -8691.46964285714,
        14447.519642857143
      ],
      [
        -7955.808928571427,
        4318.0375
      ]
    ],
    "rotation_deg": -3.5,
    "flip_x": false,
    "scale": 1.0
  },
  "alignment": {
    "x_gap_um": 1750.0,
    "y_offset_um": -358.75
  },
  "line_split": {
    "oil": {
      "pt1": [
        -5985.9073214285745,
        13009.661249999997
      ],
      "pt2": [
        -11336.328571428572,
        6187.166428571427
      ],
      "side": -1
    },
    "cort": {
      "pt1": [
        -8691.46964285714,
        14447.519642857143
      ],
      "pt2": [
        -7955.808928571427,
        4318.0375
      ],
      "side": 1
    }
  },
  "crop": {
    "x_min": -5369.221634861842,
    "x_max": 6025.578365138157,
    "y_min": 754.161377213024,
    "y_max": 4260.561377213022
  }
}