{
  "oil": {
    "sample": "B14",
    "lasso_poly": [
      [
        -6010.444999999998,
        12897.233750000001
      ],
      [
        -8303.048749999998,
        10349.896250000002
      ]
    ],
    "rotation_deg": 41.5,
    "flip_x": false,
    "scale": 1.0
  },
  "cort": {
    "sample": "B03",
    "lasso_poly": [
      [
        -8675.12273654391,
        14111.540470254957
      ],
      [
        -8623.688263456092,
        11334.078923512749
      ]
    ],
    "rotation_deg": -1.5,
    "flip_x": false,
    "scale": 0.98
  },
  "alignment": {
    "x_gap_um": 679.6800000000003,
    "y_offset_um": -501.45
  },
  "line_split": {
    "oil": {
      "pt1": [
        -6010.444999999998,
        12897.233750000001
      ],
      "pt2": [
        -8303.048749999998,
        10349.896250000002
      ],
      "side": -1
    },
    "cort": {
      "pt1": [
        -8675.12273654391,
        14111.540470254957
      ],
      "pt2": [
        -8623.688263456092,
        11334.078923512749
      ],
      "side": 1
    }
  }
}